<?xml version="1.0" encoding="UTF-8"?>
<ExtensionManifest Version="5.0" ExtensionBundleId="com.animateToCSS.panel" ExtensionBundleVersion="1.0.1" ExtensionBundleName="animateToCSS" xmlns:xsi="http://www.w3.org/2001/XMLSchema-instance">
    <ExtensionList>
        <Extension Id="com.animateToCSS.panel" Version="1.0.1"/>
    </ExtensionList>
    <ExecutionEnvironment>
        <HostList>
            <Host Name="AEFT" Version="[15.0,99.9]" Port="9960"/>
        </HostList>
        <LocaleList>
            <Locale Code="All"/>
        </LocaleList>
        <RequiredRuntimeList>
            <RequiredRuntime Name="CSXS" Version="9.0"/>
        </RequiredRuntimeList>
        <DebugPort>9960</DebugPort>
    </ExecutionEnvironment>
    <DispatchInfoList>
        <Extension Id="com.animateToCSS.panel">
            <DispatchInfo>
                <Resources>
                    <MainPath>./index.html</MainPath>
                    <ScriptPath>./app.jsxbin</ScriptPath>
                    <CEFCommandLine>
                        <Parameter>--enable-nodejs</Parameter>
                        <Parameter>--mixed-context</Parameter>
                        <Parameter>--enable-media-stream</Parameter>
                    </CEFCommandLine>
                </Resources>
                <Lifecycle>
                    <AutoVisible>true</AutoVisible>
                </Lifecycle>
                <UI>
                    <Type>Panel</Type>
                    <Menu>animateToCSS</Menu>
                    <Geometry>
                        <Size>
                            <Width>320</Width>
                            <Height>570</Height>
                        </Size>
                        <MaxSize>
                            <Width>800</Width>
                            <Height>800</Height>
                        </MaxSize>
                        <MinSize>
                            <Width>200</Width>
                            <Height>320</Height>
                        </MinSize>
                    </Geometry>
                </UI>
                <!-- 添加网络访问权限 -->
                <ExtensionData>
                    <Permissions>
                        <Internet>true</Internet>
                        <AllowNavigate>true</AllowNavigate>
                    </Permissions>
                </ExtensionData>
            </DispatchInfo>
        </Extension>
    </DispatchInfoList>
</ExtensionManifest>
